<?xml version="1.0" encoding="UTF-8"?>
<beans xmlns="http://www.springframework.org/schema/beans"
	xmlns:xsi="http://www.w3.org/2001/XMLSchema-instance" xmlns:context="http://www.springframework.org/schema/context"
	xmlns:util="http://www.springframework.org/schema/util" xmlns:mvc="http://www.springframework.org/schema/mvc"
	xsi:schemaLocation="http://www.springframework.org/schema/mvc http://www.springframework.org/schema/mvc/spring-mvc-3.2.xsd
  http://www.springframework.org/schema/beans http://www.springframework.org/schema/beans/spring-beans.xsd
  http://www.springframework.org/schema/util http://www.springframework.org/schema/util/spring-util-3.2.xsd
  http://www.springframework.org/schema/context http://www.springframework.org/schema/context/spring-context-3.2.xsd">

	
	<mvc:annotation-driven />
	
	<context:component-scan base-package="org.azadeh.controller" />
	<context:component-scan base-package="org.azadeh.dao" />
   	<context:component-scan base-package="org.azadeh.service" />
  
	<mvc:default-servlet-handler/> <!-- To avoid other extention like js or htmls -->

	<bean id="dataSource" class="org.springframework.jdbc.datasource.DriverManagerDataSource">
		<property name="driverClassName" value="com.mysql.jdbc.Driver" /> 
		<!-- <property name="url" value="jdbc:mysql://127.0.0.1:3306/directorybiz" />
		<property name="username" value="root" />
		<property name="password" value="root" />
		-->
		<property name="url" value="jdbc:mysql://my01.winhost.com:3306/mysql_58497_conversation" />
		<property name="username" value="shhb" />
		<property name="password" value="q@Zz10844" />
	</bean>

	<bean id="sessionFactory" class="org.springframework.orm.hibernate4.LocalSessionFactoryBean">
		<property name="dataSource" ref="dataSource" />
		<property name="annotatedClasses">
			<list>
				<value>org.azadeh.entity.FlowerModel</value>
			</list>
		</property>
		<property name="hibernateProperties">
			<props>
				<prop key="hibernate.dialect">org.hibernate.dialect.MySQL5Dialect</prop>
				<prop key="hibernate.show_sql">${hibernate.show_sql}</prop>
			</props>
		</property>
	</bean>

	<bean id="txManager" class="org.springframework.orm.hibernate4.HibernateTransactionManager">
		<property name="sessionFactory" ref="sessionFactory" />
	</bean>

	<bean id="persistenceExceptionTranslationPostProcessor"	class="org.springframework.dao.annotation.PersistenceExceptionTranslationPostProcessor" />


</beans>
